Year,Region,crop_type,Area_cultivatedHa,Productionkg,Yeild_kg/ha
2017,9,4,253757.11,712005432,2806
2021,6,0,440702.06,1231994795,2796
2022,1,6,689614.06,1922028970,2787
2014,8,1,30095.76,83716824,2782
2001,4,1,8790.0,24420000,2778
2020,7,4,102785.55,284099694,2764
2020,7,6,145106.35,400771950,2762
2012,7,1,306431.17,844723248,2757
2014,6,6,837000.48,2302851378,2751
2020,1,4,688114.09,1883182338,2737
2015,9,4,224367.43,610662690,2722
2004,0,1,7826.0,21282200,2719
2006,0,1,12776.38,34727756,2718
2021,6,4,676075.0,1836612661,2717
2022,6,4,612806.85,1664914738,2717
2020,1,6,575015.31,1558379990,2710
2012,1,1,494625.08,1338702721,2706
2020,9,1,69865.24,188645136,2700
2019,2,4,56675.14,151995631,2682
2018,2,4,58946.39,158002844,2680
2011,2,1,43855.14,117292462,2675
2019,4,1,4040.25,10785938,2670
2012,8,4,28368.93,75704284,2669
2019,7,6,151583.2,402857455,2658
2021,1,4,597440.83,1588192136,2658
2022,1,4,576148.05,1529198053,2654
2019,1,4,643170.0,1704082052,2650
2018,1,4,672491.78,1781203242,2649
2018,4,1,4751.79,12582755,2648
2012,8,1,28934.09,75840758,2621
2016,9,4,239371.58,624644832,2610
2022,6,2,90123.82,235107600,2609
2019,7,4,102872.44,268432922,2609
2018,7,6,127246.59,339195951,2606
2022,1,2,243448.48,632893061,2600
2019,1,6,570742.91,1482043379,2597
2011,6,1,1109276.03,2880545093,2597
2017,6,4,739781.8,1916601228,2591
2021,6,2,97266.93,251563241,2586
2016,8,4,33056.64,85415780,2584
2017,7,6,127211.62,328759190,2584
2012,5,1,2068.62,5337816,2580
2011,1,1,472260.11,1214805420,2572
2021,7,4,62926.09,161787868,2571
2019,9,1,67675.62,173597203,2565
2018,9,1,62161.78,159056125,2559
2017,9,1,66451.95,169801363,2555
2018,7,4,112193.73,285264082,2543
2021,1,2,259903.48,660446344,2541
2014,9,4,215111.82,546322532,2540
2018,1,6,554661.74,1404707481,2533
2015,6,4,719399.7,1814671697,2522
2020,9,2,84868.47,213906149,2520
2020,2,6,3377.63,8477865,2510
2016,7,6,133419.8,334633928,2508
2014,6,4,669575.97,173920869,2500
2022,7,4,79129.69,197616957,2497
2020,6,2,68782.2,171626108,2495
2016,6,4,759954.42,1884630071,2480
2015,9,1,64197.01,159149435,2479
2019,6,2,82044.16,201074320,2451
2017,1,4,670114.31,1640299423,2448
2015,7,6,137294.72,334571131,2437
2021,7,0,75440.14,183737285,2436
2017,2,4,58377.9,142172507,2435
2020,1,2,234632.36,570819330,2433
2020,6,0,372910.96,904786657,2426
2013,9,4,208390.45,505138377,2424
2016,0,1,2330.86,5639678,2420
2018,5,1,1397.66,3382752,2420
2009,2,1,32009.85,77336861,2416
2019,8,1,23792.38,57483111,2416
2018,8,1,23792.38,57483111,2416
2019,2,6,3033.6,7322787,2414
2021,7,2,9362.3,22601497,2414
2019,6,0,386569.22,932507644,2412
2018,6,0,451279.26,1088487660,2412
2021,4,1,4831.46,11639114,2409
2018,2,6,2455.71,5908357,2406
2017,6,0,454662.78,1093944813,2406
1998,4,1,9000.0,21642000,2405
2019,9,2,85575.12,205423561,2401
2021,9,2,9199.73,215725616,2392
2011,9,1,62857.22,149852718,2384
2016,8,1,25833.74,61503026,2381
2017,1,6,554284.49,1319069113,2380
2014,7,6,118349.23,281685626,2380
2017,5,1,1407.76,3340244,2373
2014,4,4,3050.36,7228069,2370
2012,9,1,64803.39,153610800,2370
2015,4,4,3050.36,7228069,2370
2006,6,1,858096.17,2031748429,2368
2012,4,1,4518.41,10687412,2365
2013,4,1,5070.81,11972488,2361
2022,7,2,9157.31,21567919,2355
2021,5,1,1315.09,3096809,2355
2022,7,0,70837.95,166442165,2350
2011,7,1,237354.61,556546340,2345
2012,8,6,4130.51,9675557,2342
2021,1,0,311401.39,728902314,2341
2018,6,2,93831.88,219537397,2340
2007,6,1,948732.18,2215804820,2336
2013,9,1,69026.2,161159543,2335
2009,1,1,396715.7,925964400,2334
2009,6,1,933712.5,2178331700,2333
2011,4,4,3528.41,8214646,2328
2010,6,1,1000055.87,2325533029,2325
2013,6,6,872971.81,2026290010,2321
2008,1,1,397481.38,921231338,2318
2020,5,1,1712.35,3963292,2315
2007,1,1,376937.07,868770131,2305
2019,8,4,41271.04,95083254,2304
2018,8,4,41271.04,95083254,2304
2019,1,2,248292.4,571094996,2300
2016,2,6,2951.7,6740195,2283
2014,9,1,65201.64,148599268,2279
2002,6,1,729461.83,1660387424,2276
2017,6,2,89584.8,203588144,2273
2018,1,2,246522.71,560466508,2273
2018,9,2,82021.79,185826511,2266
2017,9,2,86613.23,196044168,2263
2012,6,6,740810.94,1675933968,2262
2017,1,2,246666.06,557331121,2259
2016,2,4,51803.23,116895603,2257
2015,9,2,83131.78,187564271,2256
2022,1,0,286865.38,646475641,2254
2010,1,1,355508.17,801069399,2253
2015,6,0,456192.42,127532649,2252
2017,4,1,4061.5,9144938,2252
2013,4,4,3662.18,8232240,2248
2016,1,6,545106.1,1221904309,2242
2013,8,6,4150.13,9278182,2236
2022,6,3,24498.96,54715830,2233
2021,2,2,23553.74,52537630,2231
2022,2,2,23553.74,52537630,2231
2010,2,1,35953.4,80121872,2228
2016,6,0,439971.07,980086302,2228
2018,4,4,1704.1,3792999,2226
2017,7,4,97489.29,216894203,2225
2015,1,6,529609.63,1195823247,2225
2010,2,4,59963.23,132780984,2214
2022,5,4,6828.0,15076446,2208
2013,5,1,1242.35,2741443,2207
2020,6,3,8310.97,18329366,2205
2013,6,4,675657.31,1489815674,2205
2014,5,1,1401.38,3087611,2203
2016,9,1,62640.0,137908952,2202
2012,9,4,215142.84,473678177,2202
2019,6,3,11212.68,24678517,2201
2021,9,6,102258.28,223907183,2190
2012,6,4,743379.32,1626737441,2188
2013,7,6,138351.34,302233680,2185
2021,6,3,10582.3,23103277,2183
2019,4,4,3359.38,7322414,2180
2014,6,0,471134.15,1023909187,2173
2017,4,4,2846.94,6168695,2167
2014,4,1,4666.49,10107013,2166
2019,5,1,1154.09,2500033,2166
2015,4,1,4666.49,10107013,2166
2018,6,3,21253.56,45913699,2160
2011,1,4,710731.78,1533586075,2158
2002,1,1,296356.11,637489581,2151
2007,4,1,5842.0,12558400,2150
2006,4,1,5842.0,12558400,2150
2002,4,1,5110.06,10986748,2150
2011,9,4,216878.62,466394047,2150
2017,0,4,1555.78,3338260,2146
2015,2,4,64264.39,137852785,2145
2016,1,2,256064.53,54275220,2145
2011,6,4,739361.26,1580545093,2138
2017,6,3,20656.17,44128318,2136
2020,9,6,121471.1,259339841,2135
2015,1,4,655671.97,1396664583,2130
2006,1,1,341083.52,725680151,2128
2016,1,4,644263.75,1366961233,2122
2015,7,4,116887.44,247740287,2119
2014,1,6,52948.64,1119991322,2115
2015,5,1,1300.31,2747185,2113
2019,9,6,119580.03,251411295,2102
1996,6,1,699620.0,1466028000,2095
2017,8,1,24767.08,51594344,2083
2017,3,1,240.02,499129,2080
2007,2,1,31435.27,65361306,2079
2018,3,1,304.17,629635,2070
2020,2,2,17548.8,36309112,2069
2016,6,2,88929.61,183257842,2061
2012,7,6,125303.57,258140288,2060
2020,5,4,7942.01,16342561,2058
1997,6,1,751840.0,154161000,2051
1997,2,1,21730.0,44378000,2042
2016,7,4,105741.73,215746590,2040
2014,1,4,558827.95,1135011408,2031
2020,1,0,242470.69,492206224,2030
2021,5,4,8305.19,16844948,2028
2010,4,1,4792.95,9712493,2026
1997,4,4,2100.0,4251000,2024
2019,1,0,238164.36,481769434,2023
2000,4,1,7150.0,14441000,2020
2015,1,2,242894.75,490200198,2018
2014,2,6,2016.18,4068453,2018
2021,8,1,53753.17,108443591,2017
2008,4,1,6823.82,13746677,2015
2015,3,1,371.07,747454,2014
2002,2,1,20482.45,41252556,2014
2008,2,1,31045.76,62437950,2011
2019,9,3,203.83,408743,2005
2011,5,1,808.72,1620428,2004
2014,2,4,64664.97,129540380,2003
2019,2,2,21311.26,42655487,2002
2013,6,0,448545.32,897741759,2001
2017,8,4,40388.03,80674097,1997
2010,7,4,108743.79,216710190,1993
2020,3,4,11126.18,22143704,1990
2017,3,4,10507.78,20889029,1988
2010,7,6,155660.71,308990982,1985
1997,9,1,41740.0,82755000,1983
2018,9,6,107929.86,214003144,1983
2018,2,2,29167.48,57771303,1981
2001,6,1,871250.0,1724724000,1980
2015,6,2,92804.53,183448648,1977
2010,4,4,4682.3,9257859,1977
2017,9,6,107724.17,212867257,1976
2006,2,1,31720.76,62662819,1975
2018,1,0,323936.38,639452375,1974
2007,7,1,220993.46,435995934,1973
2004,6,1,786365.0,1551558100,1973
2022,6,5,1519814.74,2996758806,1972
2008,3,1,284.0,559681,1971
2015,3,4,9923.91,19479552,1963
1998,7,1,165470.0,324638000,1962
1999,6,1,702820.0,1377752000,1960
2010,6,6,857603.04,1678241527,1957
1996,1,1,289690.0,566729000,1956
2012,1,4,733017.68,1432067373,1954
2016,4,1,4080.02,7969537,1953
2020,7,0,89967.31,175567149,1951
2014,1,2,236680.54,461839493,1951
1997,7,6,64340.0,125494000,1950
1996,2,1,20550.0,40001000,1947
2010,6,4,754878.14,1465676728,1942
2019,7,0,93643.58,181893969,1942
2013,1,4,578276.4,1122766952,1942
2011,6,6,815975.59,1583211946,1940
2013,2,4,65933.36,130995716,1940
2010,7,1,278927.61,539079421,1933
2021,6,5,1393455.62,2690467012,1931
2000,6,1,747550.0,1443799000,1931
2018,3,4,10820.72,20879988,1930
2021,1,5,1086374.6,2096462906,1930
2012,5,4,7701.89,14851094,1928
2015,6,3,22369.93,42990350,1922
2011,9,6,100175.69,192507914,1922
2016,6,3,18685.46,35777129,1915
2022,1,5,1177078.03,2254030137,1915
2005,0,1,6863.0,13131100,1913
2009,7,6,113660.3,217003280,1909
2000,0,1,6390.0,12190000,1908
2000,4,4,5310.0,10133000,1908
1997,7,1,163240.0,311344000,1907
2009,6,6,794835.8,1515266300,1906
1999,2,1,29010.0,55272000,1905
2018,7,0,81161.32,154504718,1904
2014,9,2,82129.65,156317271,1903
2012,9,6,105308.56,200169578,1901
1996,7,6,58260.0,110568000,1898
2012,6,0,460544.73,872051015,1894
2018,5,4,7316.23,13837675,1891
1999,9,1,69870.0,131798000,1886
2009,7,1,280446.0,528670080,1885
2020,6,5,1512041.32,2845606691,1882
2021,9,0,85431.88,160688813,1881
2020,1,5,1201283.74,2258240600,1880
2017,1,0,323655.73,608069113,1879
2014,3,1,316.0,591969,1873
2015,9,6,108865.39,203459405,1869
2011,7,6,131162.87,244601954,1865
2022,3,1,725.0,1353733,1865
2020,9,0,94845.64,176359549,1859
2014,7,4,118211.88,219406699,1856
1996,7,1,194650.0,359653000,1848
2009,6,4,677092.3,1259841300,1847
2012,2,4,60122.37,110820634,1843
2019,9,0,91579.93,168685384,1842
2005,6,1,791686.0,1452647800,1835
2013,9,6,111846.34,205272449,1835
2017,2,2,29680.79,54448897,1834
2015,5,4,7304.98,13368997,1830
2014,6,2,99867.65,18289921,1829
2005,2,1,27412.0,50018800,1825
2017,5,4,7151.79,13052730,1825
2014,9,6,112818.67,205033333,1817
2014,3,4,10001.74,18144939,1814
2006,7,1,206397.39,374015890,1812
2010,9,4,155420.96,280858700,1807
2017,7,0,84037.3,151506493,1803
2010,5,6,246.78,444621,1802
2011,9,0,90648.61,163385776,1802
2019,1,5,1200986.74,2161486185,1800
1996,9,4,96140.0,172968000,1799
2004,1,1,258195.0,464411500,1799
2013,1,2,226547.4,407643895,1799
1998,2,1,22050.0,39596000,1796
2018,1,5,1138030.51,2039448271,1792
2019,6,5,1431869.73,2562868888,1790
2018,9,0,94725.02,169417980,1789
2018,6,5,1443847.96,2581457748,1788
2016,9,2,84280.34,150614872,1787
1998,6,1,577570.0,1031438000,1786
2010,6,0,542476.08,968563214,1785
2013,1,6,498192.03,888568580,1784
2000,9,1,75550.0,134492000,1780
2004,7,1,216243.0,384842600,1780
2017,9,0,95462.96,169572540,1776
2001,2,1,26670.0,47378000,1776
2011,7,0,111756.36,198212782,1774
1999,7,1,162670.0,288330000,1772
2011,6,0,513707.03,908545120,1769
2013,9,2,78663.67,139174988,1769
2011,2,4,66575.66,117608868,1767
2008,7,1,248881.66,439811852,1767
2007,6,6,809195.61,1427286259,1764
2016,7,0,80861.37,142437232,1761
1996,4,4,4440.0,7813000,1760
2019,5,4,7991.36,14059021,1759
2011,8,1,28094.49,49264060,1754
2010,8,4,32704.78,57353549,1754
2007,9,1,58613.21,102667972,1752
2012,9,2,76654.62,133789707,1745
2005,1,1,285242.0,497181600,1743
2006,9,1,46192.02,293483263,1739
2009,9,1,64275.12,111607170,1736
1999,1,1,305410.0,528471000,1730
2011,3,4,8851.57,15282952,1727
2013,6,3,21889.32,37806207,1727
2021,8,4,45321.84,78293509,1727
2015,1,0,362738.63,625622575,1725
1997,6,4,426420.0,734956000,1724
2014,7,0,76763.65,132356026,1724
2015,7,0,73614.79,126845014,1723
2011,0,4,2700.93,4643750,1719
2001,1,1,377760.0,648883000,1718
2017,6,5,1441029.78,2473796379,1717
2004,2,1,25677.0,44011400,1714
2002,9,1,52217.67,89497201,1714
2011,8,6,4279.81,7336086,1714
2015,9,0,99052.22,169542113,1712
2016,9,6,102847.97,176096635,1712
2002,7,1,191490.02,327037722,1708
2012,3,1,219.02,374131,1708
2013,7,4,131516.72,224519380,1707
2009,2,6,2168.38,3700026,1706
2005,6,6,765528.0,1302828800,1702
2001,7,6,105790.0,180038000,1702
2017,1,5,1137844.18,1932857365,1699
2008,6,1,5845.44,9917832,1697
2009,9,4,180027.8,305566660,1697
2000,1,1,309410.0,524905000,1696
2011,4,1,6051.1,10245940,1693
2002,9,4,114058.73,192349234,1686
2008,6,4,28288.56,47676122,1685
2001,7,1,344800.0,579274000,1680
2007,6,4,56344.65,945448494,1679
2020,9,5,166718.86,279081158,1674
2012,1,6,460164.57,769486730,1672
2000,2,1,29540.0,49354000,1671
1997,1,1,316250.0,530125000,1670
2009,1,4,547152.6,913119820,1669
2008,4,4,3079.24,5126545,1665
2013,2,6,1770.9,2946056,1664
2008,7,6,118815.25,197457919,1662
2013,6,2,92306.89,153205962,1660
2008,5,1,1272.88,2111165,1659
2014,9,0,96577.17,160265852,1659
2016,5,1,1265.83,2100281,1659
1997,9,4,141190.0,234032000,1658
2010,8,6,4364.13,7224497,1655
2021,9,5,188391.88,311753877,1655
2009,2,2,29164.66,48237243,1654
2011,1,6,498748.68,824860321,1654
2012,4,4,3324.79,5497360,1653
2012,9,0,99453.31,164003891,1649
2012,6,3,27343.84,45043286,1647
2009,8,1,39751.64,65388636,1645
2004,6,6,556354.0,912864500,1641
2007,1,4,481218.82,789147685,1640
2013,3,4,9429.03,15412641,1635
2010,1,6,548315.25,896092731,1634
2010,8,1,26998.54,44083170,1633
2011,9,2,76065.32,124103018,1632
2007,2,2,22546.58,36771927,1631
2010,1,4,486467.74,792246070,1629
2015,6,5,1427548.05,2325488216,1629
2016,5,4,7496.5,12206534,1628
1997,4,1,2910.0,4734000,1627
2011,7,4,107735.23,175125481,1626
2021,7,3,300.75,488326,1624
2000,7,1,205700.0,333929000,1623
1996,6,4,452110.0,731963000,1619
2007,5,1,1366.38,2212699,1619
2013,9,0,98162.52,158810944,1618
2016,6,5,1369934.27,2215625767,1617
2009,8,4,21970.22,35494467,1616
2006,6,6,816572.28,1317706079,1614
2007,9,4,207488.92,334506297,1612
2011,6,3,24494.31,39462124,1611
2020,7,2,10901.17,17550375,1610
2009,2,4,58905.26,94750164,1609
2019,9,5,176545.98,283833741,1608
2016,1,5,1093135.22,1757022412,1607
2018,7,2,4485.63,7205019,1606
2009,6,0,451955.5,724293850,1603
2012,7,4,122731.01,196715893,1603
2013,7,0,82040.19,131467986,1602
2021,7,5,234350.83,374427961,1598
2016,2,2,32452.56,51824491,1597
2006,9,4,184010.83,69563027,1595
2008,2,4,59829.26,95367937,1594
2007,1,6,427719.81,681612665,1594
1998,1,1,236830.0,377289000,1593
2019,7,2,9670.25,15381202,1591
2008,9,4,170504.48,270916987,1589
2006,1,4,537623.62,851540211,1584
2008,1,4,499133.91,790774634,1584
2015,1,5,1143115.98,1809367086,1583
2016,9,0,99423.28,157174532,1581
2007,7,6,123194.84,194479536,1579
2014,1,0,373016.41,588766645,1578
2011,3,1,320.34,505268,1577
2020,7,5,243613.39,383757706,1575
2002,6,6,545923.45,859521736,1574
2016,4,4,2598.59,4087252,1573
2019,3,4,10914.71,17128287,1569
1996,6,3,36800.0,57662000,1567
1998,6,6,486470.0,76080000,1564
2019,2,0,1687.07,2637226,1563
2011,6,2,81808.99,127828081,1563
2010,9,6,113595.76,177164359,1560
2010,2,2,28391.84,44268465,1559
2017,7,2,3626.67,5646942,1557
2009,7,4,111055.1,172797680,1556
2022,7,5,211639.3,328840228,1554
2011,1,2,216959.97,336000975,1549
1998,9,1,61560.0,95365000,1549
2015,2,2,30791.23,47634489,1547
2001,9,1,55680.0,86059000,1546
2001,6,6,642700.0,990501000,1541
2009,6,3,21899.1,33696832,1539
2018,9,5,167748.72,257906058,1537
2020,1,3,2469.16,3793179,1536
2012,1,2,230613.94,353529558,1533
2022,5,6,246.0,376766,1528
2020,5,6,101.07,154222,1526
2004,7,2,5186.0,7899500,1523
2013,1,0,388113.19,590502822,1521
2005,7,1,207410.0,315571100,1521
2005,6,4,522499.0,794826600,1521
2021,2,5,22021.32,33444520,1519
2022,2,5,22021.32,33444520,1519
2010,1,2,164321.16,249509251,1518
2021,3,1,250.86,380477,1517
2009,9,0,97460.26,147775370,1516
2004,7,6,114578.0,173361100,1513
2018,1,3,4094.8,6189357,1512
2006,7,6,119118.32,179932070,1511
2004,6,4,500943.0,756626600,1510
2015,7,2,4286.6,6466913,1509
1996,9,1,45050.0,67963000,1509
2006,6,4,542045.77,817642891,1508
2009,1,6,434386.4,654502110,1507
2004,9,4,128927.0,194205000,1506
2014,6,5,1397797.42,2104084217,1505
2007,2,4,58992.05,88717344,1504
2021,1,3,4561.04,6837950,1499
2020,2,5,27130.09,40606801,1497
2011,5,4,6762.14,10116300,1496
2014,1,5,1146730.12,1713797322,1495
2010,7,2,6020.19,8998050,1495
2018,7,5,248124.17,370414919,1493
2017,1,3,3002.02,4480834,1493
2005,7,6,131485.0,196284400,1493
2013,3,1,270.55,403260,1491
2008,9,1,63265.83,94239653,1490
2018,7,3,337.6,501864,1487
2019,7,5,236532.28,350828648,1483
2012,7,3,450.16,667083,1482
2007,9,6,100140.38,148062729,1479
2019,1,3,3055.08,4518212,1479
2012,3,4,9389.52,13811632,1471
2002,7,6,92351.77,135370649,1466
1998,8,1,22150.0,32401000,1463
2004,9,1,43622.0,63784300,1462
2014,5,4,6656.98,9725698,1461
2004,6,3,19998.0,29206100,1460
2022,7,3,98.41,143726,1460
2019,7,3,368.68,538295,1460
2018,2,0,729.21,1064121,1459
2010,7,0,88038.46,1128218912,1456
2008,1,6,426814.6,621176897,1455
2019,2,5,29726.64,43213513,1454
2002,6,4,437397.55,635585291,1453
2008,2,6,3425.7,4971410,1451
2005,1,6,392722.0,569397100,1450
2017,2,0,773.15,1119386,1448
2010,7,3,769.24,1112835,1447
2011,2,2,29472.09,42625701,1446
2017,9,5,167584.33,241011677,1438
1998,7,6,66950.0,96071000,1435
2007,4,4,2889.0,4128800,1429
2006,4,4,2889.0,4128800,1429
2015,9,5,184848.49,263601790,1426
2012,1,0,303760.05,431557873,1421
2008,9,6,103956.9,147749567,1421
2016,3,1,294.22,416183,1415
2022,1,3,2933.05,4151348,1415
2010,1,3,8742.51,12363949,1414
2006,2,6,2047.65,2893619,1413
2009,6,2,98040.65,138145490,1409
2006,1,6,431486.33,607488794,1408
2008,2,2,27518.99,38743030,1408
2020,3,1,282.34,397247,1407
2005,6,0,532141.0,747348200,1404
1999,6,4,351260.0,493269000,1404
2010,3,1,443.76,623245,1404
2013,1,5,1090139.5,1528197733,1402
1997,6,6,431750.0,604331000,1400
2009,1,0,347719.9,486149800,1398
2011,8,4,34608.39,48380168,1398
2013,6,5,1256564.8,1753559651,1396
2000,6,4,368030.0,513295000,1395
2016,7,2,3781.22,5273914,1395
2010,6,2,105610.88,147175413,1394
1998,2,4,45830.0,63780000,1392
2002,3,4,6160.24,8574942,1392
2017,7,5,246099.24,341254766,1387
2007,6,0,477231.31,659745867,1382
2012,7,0,82305.24,113651742,1381
2009,7,0,76437.71,105487390,1380
2015,7,3,301.49,415278,1377
2005,1,4,411949.0,566553200,1375
2014,2,2,31800.01,43700817,1374
2009,9,6,101092.5,138719280,1372
2015,7,5,238539.4,326860266,1370
2010,6,3,14147.33,19355740,1368
2006,2,4,52886.98,72315689,1367
2006,6,2,83577.5,114146524,1366
2008,9,0,114923.43,156680340,1363
2012,6,2,87061.51,118362722,1360
1998,6,0,352590.0,479665000,1360
1996,6,6,469990.0,638548000,1359
2008,7,4,102474.24,139163975,1358
2007,6,2,92253.98,125298710,1358
2010,0,4,578.4,783490,1355
2008,1,2,196114.7,265635882,1354
2019,5,6,38.07,51437,1351
2015,1,3,4497.67,6070167,1350
2010,9,0,106787.74,144049611,1349
2006,6,0,514377.35,692957511,1347
2019,3,1,204.4,275387,1347
2004,8,3,470.0,632100,1345
2009,2,0,733.69,987155,1345
2016,2,0,592.53,795097,1342
2009,1,2,195002.7,261777330,1342
2002,8,4,20824.36,27905426,1340
2018,2,5,24529.72,32869677,1340
1999,9,4,108690.0,145627000,1340
2007,1,0,351264.12,470231149,1339
2008,9,2,77848.4,104191123,1338
1998,4,4,3290.0,4384000,1333
2004,6,0,412329.0,549074700,1332
2014,9,5,185337.29,246551795,1330
2015,2,0,774.28,1028417,1328
2001,6,3,27410.0,36350000,1326
2008,3,4,7135.92,9432046,1322
2004,1,4,457450.0,603949400,1320
2016,1,3,2872.6,3780234,1316
2002,8,6,8353.8,10997345,1316
2013,9,5,161798.11,212223454,1312
2006,9,6,76775.57,100698481,1312
2011,1,0,328268.73,430741554,1312
2001,6,4,410420.0,536990000,1308
2014,1,3,4662.35,6096457,1308
2016,7,5,212098.09,277360093,1308
2010,1,0,387862.4,506768372,1307
2009,9,2,7978.41,104199090,1306
2009,7,2,6047.57,7896745,1306
2012,1,5,1003380.97,1310280795,1306
2005,6,3,34807.0,45354900,1303
2004,5,1,925.0,1205300,1302
2008,1,0,330278.78,429937725,1302
2006,5,1,933.06,1214117,1301
2002,6,0,367426.19,477339538,1299
2011,6,5,1289405.27,1671802531,1297
2005,6,2,84329.0,109302700,1296
2012,6,5,1293514.25,1676543275,1296
2000,6,6,565920.0,733140000,1295
2005,9,4,142038.0,183866700,1294
2001,6,0,397640.0,513246000,1291
2008,2,0,1275.85,1647409,1291
2008,7,0,70409.55,90881819,1291
2010,1,5,1001028.47,1286056342,1285
2002,3,1,257.46,329987,1282
1997,1,4,26220.0,802120000,1281
2002,2,4,52375.42,67039074,1280
2021,0,4,2333.36,2987401,1280
2012,1,3,2534.32,3242602,1279
1999,2,4,52140.0,66651000,1278
2000,9,4,81570.0,104165000,1277
2004,3,1,184.0,234900,1277
2007,9,2,75978.09,97056673,1277
2008,9,5,178742.14,228303114,1277
2002,1,4,409473.2,522628511,1276
2010,5,1,1425.18,1814219,1273
2001,9,4,134360.0,171080000,1273
2010,9,1,64649.07,82229813,1272
2011,1,3,5769.06,7340443,1272
2012,9,5,152740.04,193845690,1269
2009,9,5,183376.2,232760780,1269
2011,9,5,165803.79,209506676,1264
2002,8,1,20846.55,26344726,1264
1998,6,4,326700.0,412395000,1262
2014,2,0,656.38,828346,1262
2014,7,5,259507.5,327506015,1262
2011,1,5,1014267.85,1279107703,1261
2001,4,4,4540.0,5720000,1260
2002,6,3,19366.68,24358790,1258
2013,2,2,29114.9,36568281,1256
2013,5,4,6871.85,8590388,1250
2012,7,2,4097.68,5111567,1247
2002,4,4,2664.26,3321791,1247
2006,2,2,19485.45,24291613,1247
2004,1,6,332645.0,414570000,1246
2006,1,0,318420.29,396468184,1245
2013,7,5,202375.61,251540923,1243
2017,2,5,24432.5,30318432,1241
1996,6,0,384670.0,477066000,1240
2007,3,4,7553.31,9368009,1240
2002,5,1,667.56,826740,1238
2002,1,6,286246.58,353772633,1236
2001,2,4,61070.0,75467000,1236
2013,1,3,3476.78,4294195,1235
2009,1,5,1003948.0,1238347400,1233
2000,2,4,60350.0,74359000,1232
2007,1,2,176884.86,217939155,1232
2009,6,5,1081501.0,1329265200,1229
2000,0,4,4310.0,5290000,1227
2021,4,4,3254.18,3989843,1226
1999,1,4,414080.0,506189000,1222
2006,3,1,106.41,129510,1217
2010,6,5,1182810.77,1436840508,1215
2005,1,3,8496.0,10313600,1214
2008,1,5,1047084.74,1268568413,1212
2008,5,4,5712.8,6905515,1209
2022,4,4,4706.0,5681329,1207
2005,7,2,4767.0,5744200,1205
2012,2,2,34133.26,41057347,1203
1996,1,4,471890.0,567886000,1203
2011,5,6,116.51,140048,1202
1996,7,4,140370.0,167762000,1195
1997,6,3,33900.0,40451000,1193
2007,9,0,101575.87,121058747,1192
2010,7,5,196701.83,233696152,1188
1999,6,6,599140.0,711278000,1187
1997,7,0,48550.0,57469000,1184
2016,3,4,9498.11,11238573,1183
2007,2,0,822.62,970893,1180
2002,9,6,63215.93,74480182,1178
1997,7,4,111760.0,131422000,1176
1997,3,4,5460.0,6419000,1176
2004,8,6,10128.0,11857300,1171
1997,2,4,38340.0,44884000,1171
2013,7,2,4873.12,5704020,1171
2007,5,4,5473.37,6386184,1167
2007,7,0,84744.74,98836504,1166
2016,9,5,162782.72,189825933,1166
2005,7,0,84936.0,9834700,1165
2004,9,6,74466.0,86668600,1164
2016,2,5,27116.65,31527669,1163
1998,7,4,69590.0,80746000,1160
2012,5,6,71.79,83108,1158
2007,6,3,23921.43,27683287,1157
2015,2,5,21409.26,24659144,1152
2007,7,2,6381.05,7342450,1151
2002,2,2,17279.16,19878643,1150
1996,7,0,52320.0,60167000,1150
2010,9,2,64612.04,74160596,1148
2000,5,1,1420.0,1627000,1146
2008,6,5,11843.87,13571832,1146
2005,2,2,20230.0,23165300,1145
2006,9,2,60736.95,567289,1145
2000,2,2,24570.0,28073000,1143
2005,9,1,47200.0,53918300,1142
2011,2,0,1264.49,1444057,1142
2012,7,5,257794.7,293766954,1140
2002,1,0,274628.32,312728240,1139
2002,7,2,4527.18,5151849,1138
1999,7,6,82340.0,93416000,1135
1997,6,0,343640.0,389282000,1133
1998,0,1,5260.0,5934000,1128
2004,2,4,48006.0,54012800,1125
2011,7,2,3800.09,4266584,1123
1998,1,6,185780.0,208515000,1122
2006,1,2,164648.78,184679530,1122
2008,7,2,5966.91,6690953,1121
2006,5,3,14.5,16236,1120
2011,7,5,265377.07,296759360,1118
2007,3,1,335.48,374977,1118
2007,5,6,64.59,72079,1116
2006,7,0,81505.59,90939320,1116
2009,1,3,7382.67,8220211,1113
2008,6,0,688.22,765155,1112
2000,6,3,29650.0,32974000,1112
1999,5,1,1140.0,1265000,1110
2002,7,0,68463.31,75973303,1110
2011,2,6,2690.4,2984165,1109
2006,9,0,79107.68,87747333,1109
1996,2,4,35070.0,38884000,1109
2002,6,2,49335.52,54650128,1108
2001,3,1,370.0,410000,1108
2002,4,2,48.38,53555,1107
2010,5,4,6122.81,6776006,1107
2002,9,0,53237.55,58908878,1107
2004,7,0,68863.0,76177800,1106
1996,2,2,7150.0,7869000,1101
2007,7,4,111469.9,122610890,1100
2004,3,4,6647.0,7302600,1099
2000,7,6,68390.0,75025000,1097
2001,1,4,520870.0,570791000,1096
2005,3,1,281.0,307100,1092
2013,2,0,723.21,787764,1089
2002,2,6,891.15,970677,1089
2008,2,5,18870.52,20510225,1087
2006,5,0,54.68,59453,1087
2010,9,5,187858.61,203999398,1086
1997,5,1,1170.0,1271000,1086
2009,8,6,7370.25,7976504,1082
2001,0,1,6750.0,7295000,1081
1999,3,4,4940.0,5336000,1080
2002,1,2,155526.83,167871762,1079
1999,9,0,78400.0,84442000,1077
2009,7,5,194962.3,210060030,1077
1997,1,2,176490.0,190105000,1077
1998,6,3,31600.0,33998000,1076
2010,2,0,874.3,939263,1074
2004,9,0,76521.0,82077000,1073
2002,9,2,54693.25,58577450,1071
2004,2,2,18934.0,20172900,1065
2005,7,4,92009.0,97593400,1061
2005,1,0,375912.0,398965200,1061
2014,7,2,4184.27,4408923,1054
1999,9,6,54940.0,57752000,1051
2002,1,3,8996.12,9433917,1049
1997,7,5,183580.0,192448000,1048
2007,6,5,1082756.17,1133591204,1047
2004,9,2,51709.0,54081000,1046
2001,1,6,308300.0,322503000,1046
2004,8,0,4012.0,4192500,1045
1997,9,0,55540.0,57987000,1044
2000,9,0,77900.0,81273000,1043
2012,2,0,818.37,853908,1043
2006,2,0,1107.79,1152814,1041
2000,1,6,314190.0,327110000,1041
2001,7,0,118410.0,123128000,1040
2006,6,5,985665.52,1022451976,1037
2000,1,4,356850.0,36944000,1037
2007,1,5,939487.63,972006442,1035
2000,6,0,385760.0,398704000,1034
2021,3,4,11241.97,11611922,1033
2005,6,5,918461.0,945087300,1029
2022,3,4,9117.0,9381999,1029
2004,1,0,357174.0,367108600,1028
2005,2,4,49862.0,51159300,1026
2014,2,5,26021.15,26702847,1026
2008,1,3,8116.94,8307228,1023
2001,2,2,22690.0,23164000,1021
2000,9,6,70570.0,72074000,1021
2000,3,4,5590.0,5701000,1020
2000,7,0,5730.0,57877000,1020
1998,9,4,124330.0,126829000,1020
1998,1,4,352600.0,359035000,1018
2013,2,5,19389.08,19719405,1017
2000,9,2,57210.0,58095000,1015
1998,7,0,49970.0,50575000,1012
2006,3,4,7294.57,7380100,1012
1997,9,6,55360.0,55938000,1010
2005,1,2,148002.0,149444000,1010
2008,8,4,33992.75,34265951,1008
2006,2,3,37.07,37332,1007
1999,1,6,244900.0,246588000,1007
1999,6,0,383450.0,385697000,1006
2002,7,3,626.57,627942,1002
1996,9,6,84550.0,84653000,1001
2009,2,5,16276.07,16279627,1000
1997,6,5,952670.0,952875000,1000
2002,7,4,84276.06,84200946,999
2002,2,0,1047.11,1044418,997
2001,1,3,12910.0,12873000,997
2006,7,4,103150.03,102768411,996
2004,1,2,156868.0,155581100,992
2002,0,1,6100.41,6051564,992
2008,5,6,36.61,36268,991
2007,1,3,7657.62,7583392,990
2008,7,5,234789.37,232246796,989
2022,8,1,10419.0,10251134,984
2012,2,5,23615.03,23225663,984
2010,2,5,18632.31,18256459,980
1997,9,2,55430.0,54309000,980
2007,9,5,160740.57,157359904,979
2005,9,6,87785.0,85900500,979
1997,1,6,212020.0,207188000,977
2011,2,5,23648.11,23107290,977
2010,3,4,9115.09,8821948,968
2005,7,3,506.0,486200,962
1997,5,4,3580.0,3445000,962
1996,8,1,20550.0,19711000,959
1997,1,0,244010.0,233731000,958
1998,1,0,220710.0,211264000,957
2004,1,3,8776.0,8386200,956
1999,7,4,82910.0,79245000,956
2011,7,3,301.95,288563,956
2005,1,5,852307.0,813651400,955
2006,1,5,907057.42,865824040,955
2005,8,6,16030.0,15302300,955
2001,1,2,187850.0,178948000,953
2001,7,4,153800.0,146571000,953
2011,5,0,17.48,16636,952
2001,9,2,65090.0,61811000,950
2001,5,0,60.0,57000,950
2006,7,2,4575.07,4320997,944
2004,0,4,3045.0,2863500,940
2000,7,4,93240.0,87370000,937
2004,6,2,71966.0,67366900,936
2002,6,5,762119.72,71325116,936
1996,9,0,87350.0,81711000,935
2001,9,6,73320.0,68180000,930
2004,7,4,99624.0,92417200,928
1996,1,3,7990.0,7397000,926
1997,0,1,1470.0,1360000,925
1996,1,2,173190.0,159982000,924
2021,0,1,2933.27,2684522,915
2006,6,3,34794.57,31798337,914
2005,2,5,12797.0,11692600,914
2002,8,3,432.63,395460,914
2000,9,5,126440.0,115440000,913
2007,2,5,15719.53,14346476,913
2002,5,4,3834.52,3489212,910
2001,3,4,7060.0,6424000,910
2000,3,1,300.0,270000,900
2000,6,2,71800.0,64618000,900
2006,9,5,138346.23,124421256,899
2006,5,4,5407.15,4855216,898
1998,1,2,159360.0,142966000,897
2002,1,5,778202.03,697300240,896
1997,6,2,46700.0,41706000,893
1996,1,6,259460.0,231402000,892
2006,1,3,8300.75,7401725,892
2000,0,5,6610.0,5887000,891
1996,6,5,941160.0,837751000,890
2001,5,1,1080.0,960000,889
2002,8,0,6511.81,5772128,886
2008,8,1,36876.29,32593539,884
2004,1,5,826443.0,730407700,884
2005,5,1,1149.0,1014800,883
1996,7,5,160440.0,141367000,881
1996,0,4,13160.0,11564000,879
2001,9,0,65360.0,57253000,876
2004,7,3,372.0,325500,875
1997,8,1,16360.0,14275000,873
2004,8,4,31008.0,27036800,872
2006,5,6,51.15,44537,871
2001,8,4,24510.0,21283000,868
1998,9,2,68090.0,58996000,866
2001,1,0,287870.0,248852000,864
2009,7,3,485.59,418615,862
1996,8,6,5220.0,4498000,862
2004,6,5,820135.0,704455500,859
1998,1,3,8020.0,6883000,858
1996,6,2,49680.0,42524000,856
1996,1,0,295850.0,250946000,848
1998,6,2,45280.0,38333000,847
1997,2,2,7130.0,6022000,845
2000,1,3,11460.0,9663000,843
2008,8,0,1748.27,1470734,841
1998,9,6,42040.0,35324000,840
1997,1,5,903190.0,75076000,837
2006,9,3,677.77,567289,837
1999,1,5,884680.0,738079000,834
1998,6,5,729530.0,607224000,832
2000,6,5,891830.0,742328000,832
2005,2,0,975.0,806000,827
2002,9,5,124698.64,102850035,825
2001,6,5,887250.0,728059000,821
2000,1,2,202470.0,165793000,819
2006,7,3,315.3,257541,817
2005,9,0,95453.0,77779500,815
2000,5,4,3910.0,3184000,814
2005,9,2,55595.0,45147600,812
2001,1,5,949350.0,768536000,810
2012,5,0,25.26,20439,809
1996,0,1,4500.0,3636000,808
2000,1,5,90150.0,731436000,807
2006,2,5,16654.32,13350915,802
1999,9,5,140830.0,113008000,802
2005,8,3,490.0,391600,799
1998,5,1,670.0,534000,797
2004,5,4,5053.0,4029700,797
1999,1,2,273810.0,218018000,796
2013,7,3,504.7,401405,795
2006,3,0,21.65,17158,793
1998,9,0,52930.0,41914000,792
1997,1,3,9230.0,7289000,790
2008,5,0,15.34,12078,787
1996,1,5,882280.0,693081000,786
2001,5,6,270.0,212000,785
2014,7,3,420.28,329579,784
1997,9,5,99500.0,77735000,781
1999,5,4,3260.0,2545000,781
2002,9,3,404.09,315376,780
2007,7,5,199492.22,155610758,780
2002,0,4,1404.78,1094059,779
1999,6,5,867800.0,674691000,777
2005,7,5,210055.0,162905800,776
2022,0,1,4651.0,3604169,775
2002,2,3,27.6,21381,775
1999,1,0,262620.0,202476000,771
2004,9,5,136740.0,104756500,766
2001,6,2,63530.0,48582000,765
1998,5,4,2990.0,2284000,764
2001,5,4,4990.0,3781000,758
1998,2,5,22980.0,17380000,756
1998,3,4,4430.0,3350000,756
2006,7,5,193193.16,145474277,753
2002,0,0,21.41,15983,747
2000,1,0,268160.0,199747000,745
2001,9,5,141010.0,104801000,743
2002,7,5,133882.17,98956647,739
2004,2,5,11944.0,8741100,732
1999,3,1,180.0,131000,728
2007,7,3,460.99,332400,721
2001,8,1,26570.0,19049000,717
2000,5,6,200.0,143000,715
1998,7,5,123240.0,87765000,712
2002,2,5,10736.57,7592932,707
2000,7,2,4160.0,2926000,703
1998,5,6,40.0,28000,700
1997,5,6,100.0,70000,700
1998,1,5,744400.0,518998000,697
1996,9,5,87880.0,60827000,692
2001,7,5,174360.0,120643000,692
1996,0,5,4820.0,3331000,691
1998,7,2,3160.0,2173000,688
1996,9,2,35780.0,24570000,687
1998,8,4,20650.0,14136000,685
2008,7,3,574.87,393423,684
2005,8,0,5706.0,3899200,683
